PartNumber_TLN_BOM,Component
98-90596-11C,Color Display
98-90596-11,Color Display
98-90585-01,Color Display
11300015,Color Display
11300214,Color Display
11300016,Color Display
98-90585-00,Monochrome Display
98-90596-18B,SQD Monochrome Display
98-90596-18R,SQD Monochrome Display
98-90596-18G,SQD Monochrome Display
98-90589-00,Monochrome Display
98-90596-33A,Color Display
11300060,Color Display
98-90596-33B,Color Display
11300059,Color Display
11300061,Color Display
98-90563-00,SQD Monochrome Display
98-90568-00,Monochrome Display
98-90598-00,Color Display
98-90599-00,Monochrome Display
98-90526-02,Color Display
98-90567-01,Color Display
98-90570-01,Monochrome Display
98-90584-00,Monochrome Display
98-90584-01,Monochrome Display
98-90597-00,Color Display
98-90599-01,Color Display
98-90592-00,Monochrome Display
98-90587-00,Monochrome Display
98-90590-00,Monochrome Display
98-90591-00,Monochrome Display
98-90589-00,Monochrome Display
98-90585-00,Monochrome Display
98-90512-00,Monochrome Display
98-90513-00,Monochrome Display
98-90514-00,Monochrome Display
98-90516-00,Monochrome Display
98-90517-00,Monochrome Display
98-90518-00,Monochrome Display
98-90520-00,Monochrome Display
98-90521-00,Monochrome Display
98-90522-00,Monochrome Display
98-90523-00,Monochrome Display
98-90524-00,Monochrome Display
98-90525-00,Monochrome Display
98-90527-00,Monochrome Display
98-90528-00 -02,Monochrome Display
98-90529-00 ,Monochrome Display
98-90530-00 ,Monochrome Display
98-90532-00 ,Monochrome Display
98-90533-00 - 01,Monochrome Display
98-90534-00 ,Monochrome Display
98-90535-00 ,Monochrome Display
98-90536-00 ,Monochrome Display
98-90540-00,Monochrome Display
98-90541-00,Monochrome Display
98-90542-00,Monochrome Display
98-90543-00,Monochrome Display
98-90544-00,Monochrome Display
98-90545-00,Monochrome Display
98-90546-00,Monochrome Display
98-90549-00 ,Monochrome Display
98-90549-01,Monochrome Display
98-90550-00,Monochrome Display
98-90553-00  -01,Monochrome Display
98-90554-00,Monochrome Display
98-90555-00,Monochrome Display
98-90556-00 -01,Monochrome Display
98-90557-00,Monochrome Display
98-90559-00,Monochrome Display
98-90560-00 -01,Monochrome Display
98-90561-00,Monochrome Display
98-90562-00,Monochrome Display
98-90565-00,Monochrome Display
98-90566-00,Monochrome Display
98-90567-00,Monochrome Display
98-90569-00,Monochrome Display
98-90570-00,Monochrome Display
98-90571-00,Monochrome Display
98-90572-00,Monochrome Display
98-90573-00,Monochrome Display
98-90574-00,Monochrome Display
98-90575-00,Monochrome Display
98-90576-00,Monochrome Display
98-90577-00,Monochrome Display
98-90578-00,Monochrome Display
98-90579-00,Monochrome Display
98-90580-00,Monochrome Display
98-90581-00,Monochrome Display
98-90582-00,Monochrome Display
98-90582-01 -02,Monochrome Display
98-90583-00,Monochrome Display
98-90585-01 -02,Color Display
98-90586-00,Monochrome Display
98-90625-00,Monochrome Display
